X;Y;NOMBRE;DOMICILIO;IMAGEN;AUTOMAT;OBSERV;NRO_EST;HORARIO;DIRE_NORM
-58.392452073016969;-34.583133075763527;FACULTAD DE DERECHO;AV. PRES.FIGUEROA ALCORTA Y  JUAN A.BIBILONI;ESTACION_AUTOMATICA.PNG;AUTOMATICA;ABRIL 2015 (PASO DE SER MANUAL A AUTOMATICA);1;ESTACION AUTOMATICA: DISPONIBILIDAD LAS 24 HORAS;FIGUEROA ALCORTA, PRES. AV. Y BIBILONI, JUAN A.
-58.374821787756275;-34.592588809772892;RETIRO;AV. DR.JOSE RAMOS MEJIA Y DEL LIBERTADOR AV;ESTACION_AUTOMATICA.PNG;AUTOMATICA;ABRIL 2015 (PASO DE SER MANUAL A AUTOMATICA);2;ESTACION AUTOMATICA: DISPONIBILIDAD LAS 24 HORAS;DEL LIBERTADOR AV. Y RAMOS MEJIA, JOSE MARIA, DR. AV.
-58.36891784255409;-34.611242024977074;ADUANA;AV. ING.HUERGO Y AV. BELGRANO;ESTACION_AUTOMATICA.PNG;AUTOMATICA;ABRIL 2015 (PASO DE SER MANUAL A AUTOMATICA);3;ESTACION AUTOMATICA: DISPONIBILIDAD LAS 24 HORAS;HUERGO, ING. AV. Y BELGRANO AV.
-58.368950383367881;-34.601721087592914;PLAZA ROMA;LAVALLE Y BOUCHARD;ESTACION_AUTOMATICA.PNG;AUTOMATICA;ABRIL 2015 (PASO DE SER MANUAL A AUTOMATICA);4;ESTACION AUTOMATICA: DISPONIBILIDAD LAS 24 HORAS;LAVALLE Y BOUCHARD
-58.36970867192413;-34.628301312470043;PARQUE LEZAMA;AV MARTIN GARCIA E IRALA;ESTACION_AUTOMATICA.PNG;AUTOMATICA;ABRIL 2015 (PASO DE SER MANUAL A AUTOMATICA);6;ESTACION AUTOMATICA: DISPONIBILIDAD LAS 24 HORAS;GARCIA, MARTIN AV. E IRALA
-58.420997041078039;-34.580127344307357;PLAZA ITALIA;AV. SANTA FE Y AV. SARMIENTO;ESTACION_AUTOMATICA.PNG;AUTOMATICA;ABRIL 2015 (PASO DE SER MANUAL A AUTOMATICA);5;ESTACION AUTOMATICA: DISPONIBILIDAD LAS 24 HORAS;SARMIENTO AV. Y CALZADA CIRCULAR PLAZA ITALIA
-58.380989604108223;-34.60584049631661;OBELISCO;AV. 9 DE JULIO Y TTE. GRAL JUAN DOMINGO PERON;ESTACION_AUTOMATICA.PNG;AUTOMATICA;ABRIL 2015 (PASO DE SER MANUAL A AUTOMATICA);7;ESTACION AUTOMATICA: DISPONIBILIDAD LAS 24 HORAS;PELLEGRINI, CARLOS Y PERON, JUAN DOMINGO, TTE. GENERAL
-58.389253260153261;-34.609930459200115;CONGRESO;AV. HIPOLITO YRIGOYEN Y VIRREY CEBALLOS;ESTACION_AUTOMATICA.PNG;AUTOMATICA;ABRIL 2015 (PASO DE SER MANUAL A AUTOMATICA);8;ESTACION AUTOMATICA: DISPONIBILIDAD LAS 24 HORAS;YRIGOYEN, HIPOLITO AV. Y CEVALLOS, VIRREY
-58.40714467125671;-34.583914572572432;PARQUE LAS HERAS;PARQUE LAS HERAS;ESTACION_AUTOMATICA.PNG;AUTOMATICA;ABRIL 2015 (PASO DE SER MANUAL A AUTOMATICA);9;ESTACION AUTOMATICA: DISPONIBILIDAD LAS 24 HORAS;DIAZ, CNEL. AV. Y FRENCH
-58.365745861129696;-34.615551427997516;PUERTO MADERO - UCA;MOREAU DE JUSTO 1500;ESTACION_AUTOMATICA.PNG;AUTOMATICA;ABRIL 2015 (PASO DE SER MANUAL A AUTOMATICA);10;ESTACION AUTOMATICA: DISPONIBILIDAD LAS 24 HORAS;1500 MOREAU DE JUSTO, ALICIA AV.
-58.385021610721552;-34.601312813458215;TRIBUNALES;TRIBUNALES;ESTACION_AUTOMATICA.PNG;AUTOMATICA;ABRIL 2015 (PASO DE SER MANUAL A AUTOMATICA);11;ESTACION AUTOMATICA: DISPONIBILIDAD LAS 24 HORAS;651 TALCAHUANO
-58.388948867519588;-34.593177279882447;PLAZA VICENTE LOPEZ;PLAZA VICENTE LOPEZ;ESTACION_AUTOMATICA.PNG;AUTOMATICA;ABRIL 2015 (PASO DE SER MANUAL A AUTOMATICA);12;ESTACION AUTOMATICA: DISPONIBILIDAD LAS 24 HORAS;PARANA Y JUNCAL
-58.406599280779282;-34.609622003601267;ONCE;PLAZA MISERERE;ESTACION_AUTOMATICA.PNG;AUTOMATICA;ABRIL 2015 (PASO DE SER MANUAL A AUTOMATICA);13;ESTACION AUTOMATICA: DISPONIBILIDAD LAS 24 HORAS;RIVADAVIA AV. Y PUEYRREDON AV.
-58.426319864739582;-34.577787497491421;PACIFICO;PACIFICO;ESTACION_AUTOMATICA.PNG;AUTOMATICA;ABRIL 2015 (PASO DE SER MANUAL A AUTOMATICA);14;ESTACION AUTOMATICA: DISPONIBILIDAD LAS 24 HORAS;580 BULLRICH, INT. AV.
-58.398521452297608;-34.599189849214703;PLAZA HOUSSAY;PLAZA HOUSSAY;ESTACION_AUTOMATICA.PNG;AUTOMATICA;NUEVA ESTACION! - SE PASO DE MANUAL A AUTOMATICA EN JUNIO 2015;43;ESTACION AUTOMATICA: DISPONIBILIDAD LAS 24 HORAS;CORDOBA AV. Y URIBURU JOSE E., PRES.
-58.374717240582036;-34.609959340059802;LEGISLATURA (EX PLAZA DE MAYO);PERU Y DIAGONAL SUR;ESTACION_AUTOMATICA.PNG;AUTOMATICA;ABRIL 2015 (PASO DE SER MANUAL A AUTOMATICA);16;ESTACION AUTOMATICA: DISPONIBILIDAD LAS 24 HORAS;PERU Y ROCA, JULIO A., PRESIDENTE AV.
-58.418832214441615;-34.606398525093326;PLAZA ALMAGRO;PLAZA ALMAGRO;ESTACION_AUTOMATICA.PNG;AUTOMATICA;ABRIL 2015 (PASO DE SER MANUAL A AUTOMATICA);17;ESTACION AUTOMATICA: DISPONIBILIDAD LAS 24 HORAS;BULNES Y PERON, JUAN DOMINGO, TTE. GENERAL
-58.380480655024876;-34.617373152503291;INDEPENDENCIA;AV. INDEPENDENCIA Y 9 DE JULIO;ESTACION_AUTOMATICA.PNG;AUTOMATICA;ABRIL 2015 (PASO DE SER MANUAL A AUTOMATICA);18;ESTACION AUTOMATICA: DISPONIBILIDAD LAS 24 HORAS;INDEPENDENCIA AV. Y 9 DE JULIO AV.
-58.377548931264499;-34.59540479499811;PLAZA SAN MARTIN;PLAZA SAN MARTIN;ESTACION_AUTOMATICA.PNG;AUTOMATICA;ABRIL 2015 (PASO DE SER MANUAL A AUTOMATICA);19;ESTACION AUTOMATICA: DISPONIBILIDAD LAS 24 HORAS;750 SANTA FE AV.
-58.441788509931705;-34.580036124186499;DISTRITO AUDIOVISUAL;ZAPIOLA Y DORREGO;ESTACION_AUTOMATICA.PNG;AUTOMATICA;ABRIL 2015 (PASO DE SER MANUAL A AUTOMATICA);20;ESTACION AUTOMATICA: DISPONIBILIDAD LAS 24 HORAS;1 ZAPIOLA
-58.382570459236582;-34.594099836289033;ARENALES;ARENALES Y CERRITO;ESTACION_AUTOMATICA.PNG;AUTOMATICA;ABRIL 2015 (PASO DE SER MANUAL A AUTOMATICA);22;ESTACION AUTOMATICA: DISPONIBILIDAD LAS 24 HORAS;ARENALES Y CERRITO
-58.379566123221451;-34.600295782512575;SUIPACHA;SUIPACHA Y VIAMONTE;ESTACION_AUTOMATICA.PNG;AUTOMATICA;ABRIL 2015 (PASO DE SER MANUAL A AUTOMATICA);23;ESTACION AUTOMATICA: DISPONIBILIDAD LAS 24 HORAS;691 SUIPACHA
-58.380766935621288;-34.61057221944835;ALSINA;ADOLFO ALSINA Y BERNARDO DE IRIGOYEN;ESTACION_AUTOMATICA.PNG;AUTOMATICA;ABRIL 2015 (PASO DE SER MANUAL A AUTOMATICA);24;ESTACION AUTOMATICA: DISPONIBILIDAD LAS 24 HORAS;ALSINA, ADOLFO E IRIGOYEN, BERNARDO DE
-58.416065021838492;-34.589520728460208;PLAZA GUEMES;SALGUERO JERONIMO Y MANSILLA;ESTACION_AUTOMATICA.PNG;AUTOMATICA;ABRIL 2015 (PASO DE SER MANUAL A AUTOMATICA);25;ESTACION AUTOMATICA: DISPONIBILIDAD LAS 24 HORAS;SALGUERO, JERONIMO Y MANSILLA, LUCIO NORBERTO, GENERAL
-58.36360359357068;-34.601000686920266;JUANA MANSO;EMMA DE LA BARRA Y JUANA MANSO;ESTACION_AUTOMATICA.PNG;AUTOMATICA;ABRIL 2015 (PASO DE SER MANUAL A AUTOMATICA) - SE MODIFICO EL NOMBRE (EX EMMA DE LA BARRA);26;ESTACION AUTOMATICA: DISPONIBILIDAD LAS 24 HORAS;DE LA BARRA,  EMMA Y MANSO JUANA
-58.389895998396241;-34.599567880194442;MONTEVIDEO;AV. CORDOBA Y MONTEVIDEO;ESTACION_AUTOMATICA.PNG;AUTOMATICA;ABRIL 2015 (PASO DE SER MANUAL A AUTOMATICA);27;ESTACION AUTOMATICA: DISPONIBILIDAD LAS 24 HORAS;CORDOBA AV. Y MONTEVIDEO
-58.412398197949273;-34.622850251133627;PLAZA BOEDO;CARLOS CALVO ENTRE VIRREY LINIERS Y SANCHEZ DE LORIA;ESTACION_AUTOMATICA.PNG;AUTOMATICA;ABRIL 2015 (PASO DE SER MANUAL A AUTOMATICA);28;ESTACION AUTOMATICA: DISPONIBILIDAD LAS 24 HORAS;CALVO, CARLOS Y LINIERS VIRREY
-58.434576787949794;-34.608459035600767;PARQUE CENTENARIO;PATRICIAS ARGENTINAS Y CARLOS FINLAY;ESTACION_AUTOMATICA.PNG;AUTOMATICA;ABRIL 2015 (PASO DE SER MANUAL A AUTOMATICA);29;ESTACION AUTOMATICA: DISPONIBILIDAD LAS 24 HORAS;PATRICIAS ARGENTINAS AV. Y FINLAY, CARLOS J. AV.
-58.406613388413788;-34.640029242605827;PARQUE PATRICIOS;IGUAZU Y USPALLATA;ESTACION_AUTOMATICA.PNG;AUTOMATICA;NUEVA ESTACION! - MAYO 2015;21;ESTACION AUTOMATICA: DISPONIBILIDAD LAS 24 HORAS;IGUAZU Y USPALLATA
-58.397378364990224;-34.590393611517371;PEÑA;AZCUENAGA Y PEÑA;ESTACION_AUTOMATICA.PNG;AUTOMATICA;NUEVA ESTACION! - ABRIL DE 2015 (SE INCORPORA CON EL SISTEMA AUTOMATICO);30;ESTACION AUTOMATICA: DISPONIBILIDAD LAS 24 HORAS;AZCUENAGA Y PEÑA
-58.373531429153338;-34.607727795686188;CATEDRAL;SAN MARTIN Y RIVADAVIA;ESTACION_AUTOMATICA.PNG;AUTOMATICA;NUEVA ESTACION! - ABRIL DE 2015 (SE INCORPORA CON EL SISTEMA AUTOMATICO);32;ESTACION AUTOMATICA: DISPONIBILIDAD LAS 24 HORAS;SAN MARTIN Y RIVADAVIA AV.
-58.371857867586947;-34.596327388790982;INGENIERO BUTTY;ING. BUTTY Y LEANDRO N. ALEM;ESTACION_AUTOMATICA.PNG;AUTOMATICA;NUEVA ESTACION! - ABRIL DE 2015 (SE INCORPORA CON EL SISTEMA AUTOMATICO);35;ESTACION AUTOMATICA: DISPONIBILIDAD LAS 24 HORAS;BUTTY, E., ING. Y ALEM, LEANDRO N. AV.
-58.376596028802702;-34.605368867468428;MAIPU;MAIPU Y SARMIENTO;ESTACION_AUTOMATICA.PNG;AUTOMATICA;NUEVA ESTACION! - ABRIL DE 2015 (SE INCORPORA CON EL SISTEMA AUTOMATICO);36;ESTACION AUTOMATICA: DISPONIBILIDAD LAS 24 HORAS;MAIPU Y SARMIENTO
-58.377864006223462;-34.607914363709895;PIEDRAS;ESMERALDA Y RIVADAVIA;ESTACION_AUTOMATICA.PNG;AUTOMATICA;NUEVA ESTACION! - ABRIL DE 2015 (SE INCORPORA CON EL SISTEMA AUTOMATICO);37;ESTACION AUTOMATICA: DISPONIBILIDAD LAS 24 HORAS;ESMERALDA Y RIVADAVIA AV.
-58.382895384495171;-34.596990180041551;PLAZA LIBERTAD;CERRITO Y MARCELO T. DE ALVEAR;ESTACION_AUTOMATICA.PNG;AUTOMATICA;NUEVA ESTACION! - ABRIL DE 2015 (SE INCORPORA CON EL SISTEMA AUTOMATICO);38;ESTACION AUTOMATICA: DISPONIBILIDAD LAS 24 HORAS;CERRITO Y ALVEAR, MARCELO T. DE
-58.407591983578783;-34.636519409883988;URQUIZA;GRAL URQUIZA Y RONDEAU;ESTACION_AUTOMATICA.PNG;AUTOMATICA;NUEVA ESTACION! - JULIO 2015;41;ESTACION AUTOMATICA: DISPONIBILIDAD LAS 24 HORAS;URQUIZA, GRAL. Y RONDEAU
-58.39871708520576;-34.597126609416506;FACULTAD DE MEDICINA;URIBURU Y MARCELO T. DE ALVEAR;ESTACION_AUTOMATICA.PNG;AUTOMATICA;NUEVA ESTACION! - JUNIO 2015;33;ESTACION AUTOMATICA: DISPONIBILIDAD LAS 24 HORAS;URIBURU JOSE E. Y ALVEAR MARCELO T DE
-58.374157286157654;-34.599579426003359;GALERIAS PACIFICO;SAN MARTIN 710, ENTRE VIAMONTE Y CORDOBA;ESTACION_AUTOMATICA.PNG;AUTOMATICA;NUEVA ESTACION! - JUNIO 2015;34;ESTACION AUTOMATICA: DISPONIBILIDAD LAS 24 HORAS;710 SAN MARTIN
-58.373371100741963;-34.604398060527608;SARMIENTO;SARMIENTO 481, ENTRE RECONQUISTA Y SAN MARTIN;ESTACION_AUTOMATICA.PNG;AUTOMATICA;NUEVA ESTACION! - JUNIO 2015;40;ESTACION AUTOMATICA: DISPONIBILIDAD LAS 24 HORAS;481 SARMIENTO
-58.414594877753451;-34.57548532336677;ZOOLOGICO;AV DEL LIBERTADOR Y AV SARMIENTO;ESTACION_AUTOMATICA.PNG;AUTOMATICA;NUEVA ESTACION! - JUNIO 2015;44;ESTACION AUTOMATICA: DISPONIBILIDAD LAS 24 HORAS;AV DEL LIBERTADOR Y AV SARMIENTO
-58.382448765305263;-34.601586169576201;TUCUMAN;TUCUMAN Y CERRITO;ESTACION_AUTOMATICA.PNG;AUTOMATICA;jul-15;51;ESTACION AUTOMATICA: DISPONIBILIDAD LAS 24 HORAS;TUCUMAN Y CERRITO
-58.374388824542741;-34.61637848079711;CHILE;PERU 726;ESTACION_AUTOMATICA.PNG;AUTOMATICA;NUEVA ESTACION! - JULIO 2015;46;ESTACION AUTOMATICA: DISPONIBILIDAD LAS 24 HORAS;726 PERU
-58.376900723913231;-34.598515523187999;CORDOBA;MAIPU 820;ESTACION_AUTOMATICA.PNG;AUTOMATICA;NUEVA ESTACION! - JULIO 2015;62;ESTACION AUTOMATICA: DISPONIBILIDAD LAS 24 HORAS;820 MAIPU
-58.37428229558725;-34.595881444521687;RICARDO ROJAS;SAN MARTIN 1031;ESTACION_AUTOMATICA.PNG;AUTOMATICA;NUEVA ESTACION! - JULIO 2015;53;ESTACION AUTOMATICA: DISPONIBILIDAD LAS 24 HORAS;1031 SAN MARTIN
-58.379651843941829;-34.604641737039969;DIAGONAL NORTE;ROQUE SAENZ PEÑA Y SUIPACHA;ESTACION_AUTOMATICA.PNG;AUTOMATICA;NUEVA ESTACION! - AGOSTO 2015;42;ESTACION AUTOMATICA: DISPONIBILIDAD LAS 24 HORAS;SAENZ PEÑA ROQUE AV Y SUIPACHA
-58.371155474862753;-34.601638499814342;25 DE MAYO;25 DE MAYO Y LAVALLE;ESTACION_AUTOMATICA.PNG;AUTOMATICA;NUEVA ESTACION! - AGOSTO 2015;60;ESTACION AUTOMATICA: DISPONIBILIDAD LAS 24 HORAS;25 DE MAYO Y LAVALLE
-58.385397574564898;-34.606647349943422;RIVAROLA;DR. RODOLFO RIVAROLA 175 ENTRE TTE. GRAL. JUAN DOMINGO PERON Y BARTOLOME MITRE;ESTACION_AUTOMATICA.PNG;AUTOMATICA;NUEVA ESTACION! - SEPTIEMBRE 2015;68;ESTACION AUTOMATICA: DISPONIBILIDAD LAS 24 HORAS;175 RIVAROLA RODOLFO DR
-58.370576623393838;-34.613384646496819;BELGRANO;BALCARCE 482 ENTRE BELGRANO Y VENEZUELA;ESTACION_AUTOMATICA.PNG;AUTOMATICA;NUEVA ESTACION! - SEPTIEMBRE 2015;57;ESTACION AUTOMATICA: DISPONIBILIDAD LAS 24 HORAS;482 BALCARCE
-58.414667752170892;-34.607089012157907;SANCHEZ DE BUSTAMANTE;SANCHEZ DE BUSTAMANTE Y PERON JUAN;ESTACION_AUTOMATICA.PNG;AUTOMATICA;NUEVA ESTACION! - SEPTIEMBRE 2015;52;ESTACION AUTOMATICA: DISPONIBILIDAD LAS 24 HORAS;SANCHEZ DE BUSTAMANTE Y PERON JUAN D
-58.426266639001078;-34.607429501612984;HOSPITAL ITALIANO;RAWSON ENTRE POTOSI Y DIAZ VELEZ;ESTACION_AUTOMATICA.PNG;AUTOMATICA;NUEVA ESTACION! - FEBRERO 2016;82;ESTACION AUTOMATICA: DISPONIBILIDAD LAS 24 HORAS;RAWSON Y DIAZ VELEZ AV
-58.411495316773973;-34.590224478044668;CORONEL DIAZ;GÜEMES 3328 Y CORONEL DIAZ;ESTACION_AUTOMATICA.PNG;AUTOMATICA;NUEVA ESTACION! - FEBRERO 2016;59;ESTACION AUTOMATICA: DISPONIBILIDAD LAS 24 HORAS;3328 GUEMES
-58.41593968422832;-34.587215739003305;JULIAN ALVAREZ;GÜEMES 3822 ENTRE JULIAN ALVAREZ Y ARAOZ;ESTACION_AUTOMATICA.PNG;AUTOMATICA;NUEVA ESTACION! - FEBRERO 2016;65;ESTACION AUTOMATICA: DISPONIBILIDAD LAS 24 HORAS;3822 GUEMES
-58.371594863161548;-34.605491177545396;PERON;PERON JUAN ENTRE 25 DE MAYO Y RECONQUISTA;ESTACION_AUTOMATICA.PNG;AUTOMATICA;NUEVA ESTACION! - AGOSTO 2015;48;ESTACION AUTOMATICA: DISPONIBILIDAD LAS 24 HORAS;PERON JUAN D Y RECONQUISTA
-58.434626316998241;-34.575189674801045;MINISTRO CARRANZA;SANTA FE 5327 ENTRE DORREGO Y AREVALO;ESTACION_AUTOMATICA.PNG;AUTOMATICA;NUEVA ESTACION! - OCTUBRE 2015;58;ESTACION AUTOMATICA: DISPONIBILIDAD LAS 24 HORAS;5327 SANTA FE AV
-58.425072429468045;-34.589371182447167;PLAZA PALERMO VIEJO;COSTA RICA Y MALABIA;ESTACION_AUTOMATICA.PNG;AUTOMATICA;NUEVA ESTACION! - OCTUBRE 2015;56;ESTACION AUTOMATICA: DISPONIBILIDAD LAS 24 HORAS;COSTA RICA Y MALABIA
-58.394927306283776;-34.607572645091963;AYACUCHO;AYACUCHO ENTRE PERON JUAN Y BARTOLOME MITRE;ESTACION_AUTOMATICA.PNG;AUTOMATICA;NUEVA ESTACION! - ENERO 2016;76;ESTACION AUTOMATICA: DISPONIBILIDAD LAS 24 HORAS;AYACUCHO Y PERON JUAN D
-58.394439682611669;-34.594149034922751;RIOBAMBA;RIOBAMBA Y JUNCAL;ESTACION_AUTOMATICA.PNG;AUTOMATICA;NUEVA ESTACION! - ENERO 2016;64;ESTACION AUTOMATICA: DISPONIBILIDAD LAS 24 HORAS;RIOBAMBA Y JUNCAL
-58.439709218240345;-34.603162361388613;PADILLA;PADILLA Y WARNES AV;ESTACION_AUTOMATICA.PNG;AUTOMATICA;NUEVA ESTACION! - ENERO 2016;31;ESTACION AUTOMATICA: DISPONIBILIDAD LAS 24 HORAS;PADILLA Y WARNES AV
-58.449442063758823;-34.591819116697465;GUZMAN;GUZMAN Y LEIVA;ESTACION_AUTOMATICA.PNG;AUTOMATICA;NUEVA ESTACION! - ENERO 2016;94;ESTACION AUTOMATICA: DISPONIBILIDAD LAS 24 HORAS;GUZMAN Y LEIVA
-58.382842967720642;-34.602995767065671;CERRITO;AV. ROQUE SAENZ PEÑA 1149 ENTRE LIBERTAD Y CERRITO;ESTACION_AUTOMATICA.PNG;AUTOMATICA;"NUEVA ESTACION! - FEBRERO 2016 (ANTES FIGURABA CON NOMBRE ""LIBERTAD"")";71;ESTACION AUTOMATICA: DISPONIBILIDAD LAS 24 HORAS;1149 SAENZ PEÑA ROQUE AV
-58.434242799114003;-34.604571775754955;INSTITUTO LELOIR;AV. PATRICIAS ARGENTINAS 401, ENTRE JUANA DE IBARBOUROU Y AV. MACHADO;ESTACION_AUTOMATICA.PNG;AUTOMATICA;NUEVA ESTACION! - FEBRERO 2016;74;ESTACION AUTOMATICA: DISPONIBILIDAD LAS 24 HORAS;401  PATRICIAS ARGENTINAS AV
-58.373557461798377;-34.610782419245673;COLEGIO NACIONAL BUENOS AIRES;BOLIVAR ENTRE ADOLFO ALSINA Y MORENO;ESTACION_AUTOMATICA.PNG;AUTOMATICA;NUEVA ESTACION! - FEBRERO 2016;47;ESTACION AUTOMATICA: DISPONIBILIDAD LAS 24 HORAS;251 BOLIVAR
-58.370834374987879;-34.609086040031265;MINISTERIO DE ECONOMIA;BALCARCE 101 ENTRE AV. HIPOLITO YRIGOYEN Y ALSINA;ESTACION_AUTOMATICA.PNG;AUTOMATICA;NUEVA ESTACION! - FEBRERO 2016;61;ESTACION AUTOMATICA: DISPONIBILIDAD LAS 24 HORAS;101 BALCARCE
-58.378173540028591;-34.602091902443561;ESMERALDA;ESMERALDA 510;ESTACION_AUTOMATICA.PNG;AUTOMATICA;NUEVA ESTACION! - FEBRERO 2016;95;ESTACION AUTOMATICA: DISPONIBILIDAD LAS 24 HORAS;510 ESMERALDA
-58.404356064959437;-34.595862350637375;ECUADOR;ECUADOR 1200 Y MANSILLA;ESTACION_AUTOMATICA.PNG;AUTOMATICA;NUEVA ESTACION! - FEBRERO 2016;69;ESTACION AUTOMATICA: DISPONIBILIDAD LAS 24 HORAS;ECUADOR Y MANSILLA LUCIO NORBERTO
-58.3745525014373;-34.613650393454968;VENEZUELA;PERU 490 Y VENEZUELA;ESTACION_AUTOMATICA.PNG;AUTOMATICA;NUEVA ESTACION: 29/02/2016;72;ESTACION AUTOMATICA: DISPONIBILIDAD LAS 24 HORAS;490 PERU
-58.372723516254048;-34.599469249729985;RECONQUISTA;RECONQUISTA 716 Y AV CORDOBA;ESTACION_AUTOMATICA.PNG;AUTOMATICA;NUEVA ESTACION: 29/02/2016;63;ESTACION AUTOMATICA: DISPONIBILIDAD LAS 24 HORAS;716 RECONQUISTA
-58.435615487267278;-34.596280542167882;MALABIA;MALABIA 780 Y LOYOLA;ESTACION_AUTOMATICA.PNG;AUTOMATICA;jun-16;99;ESTACION AUTOMATICA: DISPONIBILIDAD LAS 24 HORAS;780 MALABIA
-58.411584894838754;-34.602891143933981;CARLOS GARDEL;GUARDIA VIEJA 3302;ESTACION_AUTOMATICA.PNG;AUTOMATICA;jun-16;96;ESTACION AUTOMATICA: DISPONIBILIDAD LAS 24 HORAS;3302 GUARDIA VIEJA
-58.428267593013501;-34.600818388690413;YATAY;YATAY 925 ENTRE HUMAHUACA Y GUARDIA VIEJA;ESTACION_AUTOMATICA.PNG;AUTOMATICA;nov-16;121;ESTACION AUTOMATICA: DISPONIBILIDAD LAS 24 HORAS;925 YATAY
-58.397547065967871;-34.617491492067941;PASCO;PASCO 708 ENTRE CHILE Y AV INDEPENDENCIA;ESTACION_AUTOMATICA.PNG;AUTOMATICA;jul-16;91;ESTACION AUTOMATICA: DISPONIBILIDAD LAS 24 HORAS;708 PASCO
-58.370878765905474;-34.61584741336717;BALCARCE;BALCARCE 683 ENTRE CHILE Y DEFENSA;ESTACION_AUTOMATICA.PNG;AUTOMATICA;jun-16;81;ESTACION AUTOMATICA: DISPONIBILIDAD LAS 24 HORAS;683 BALCARCE
-58.378121718966938;-34.611713998610185;MORENO;MORENO 834 ENTRE TACUARI Y PIEDRAS;ESTACION_AUTOMATICA.PNG;AUTOMATICA;jul-16;98;ESTACION AUTOMATICA: DISPONIBILIDAD LAS 24 HORAS;834 MORENO
-58.372535064162889;-34.59475309655317;DELLA PAOLERA;CARLOS M. DELLA PAOLERA 297 ENTRE LEANDRO N ALEM Y EDUARDO MADERO;ESTACION_AUTOMATICA.PNG;AUTOMATICA;nov-16;114;ESTACION AUTOMATICA: DISPONIBILIDAD LAS 24 HORAS;297 DELLA PAOLERA CARLOS M
-58.395471659537918;-34.602290119022499;LAVALLE;AYACUCHO 595 ENTRE TUCUMAN Y LAVALLE;ESTACION_AUTOMATICA.PNG;AUTOMATICA;jun-16;84;ESTACION AUTOMATICA: DISPONIBILIDAD LAS 24 HORAS;595 AYACUCHO
-58.409034003474019;-34.594616110570456;AGUERO;AGUERO Y MANSILLA;ESTACION_AUTOMATICA.PNG;AUTOMATICA;ene-16;85;ESTACION AUTOMATICA: DISPONIBILIDAD LAS 24 HORAS;AGUERO Y MANSILLA
-58.413858926909995;-34.594629144033171;BILLINGHURST;DE LA CARCOVA 3508;ESTACION_AUTOMATICA.PNG;AUTOMATICA;jun-16;66;ESTACION AUTOMATICA: DISPONIBILIDAD LAS 24 HORAS;3508 DE LA CARCOVA
-58.425816435958311;-34.592672511996831;ARAOZ;ARAOZ 1413 ENTRE GORRITI Y HONDURAS;ESTACION_AUTOMATICA.PNG;AUTOMATICA;jun-16;70;ESTACION AUTOMATICA: DISPONIBILIDAD LAS 24 HORAS;1413 ARAOZ
-58.369621708680583;-34.599337457664056;BOUCHARD;VIAMONTE 101 Y BOUCHARD;ESTACION_AUTOMATICA.PNG;AUTOMATICA;jul-16;55;ESTACION AUTOMATICA: DISPONIBILIDAD LAS 24 HORAS;101 VIAMONTE
-58.390786283886108;-34.587812049924537;QUINTANA;MANUEL QUINTANA 600;ESTACION_AUTOMATICA.PNG;AUTOMATICA;nov-16;115;ESTACION AUTOMATICA: DISPONIBILIDAD LAS 24 HORAS;600 QUINTANA MANUEL
-58.401147781204784;-34.5836773298631;HOSPITAL RIVADAVIA;LUCENA PEREYRA 2516 ENTRE LAS HERAS Y PAGANO;ESTACION_AUTOMATICA.PNG;AUTOMATICA;ago-16;50;ESTACION AUTOMATICA: DISPONIBILIDAD LAS 24 HORAS;2516 PEREYRA LUCENA
-58.404230050846039;-34.612867091261563;MISIONES;MISIONES ENTRE ADOLFO ALSINA Y MORENO;ESTACION_AUTOMATICA.PNG;AUTOMATICA;AGOSTO DE 2016;88;ESTACION AUTOMATICA: DISPONIBILIDAD LAS 24 HORAS;MISIONES Y ALSINA ADOLFO
-58.380338244244264;-34.591415686982366;SUIPACHA Y ARROYO;ARROYO Y SUIPACHA;ESTACION_AUTOMATICA.PNG;AUTOMATICA;"AGOSTO 2016 - EN JULIO DE 2017 CAMBIO SU NOMBRE Y UBICACION. ANTES ERA ""ARROYO""";78;ESTACION AUTOMATICA: DISPONIBILIDAD LAS 24 HORAS;ARROYO Y SUIPACHA
-58.430319869395454;-34.624129547114897;DOBLAS;DOBLAS 608 Y VALLE;ESTACION_AUTOMATICA.PNG;AUTOMATICA;ago-16;80;ESTACION AUTOMATICA: DISPONIBILIDAD LAS 24 HORAS;608 DOBLAS
-58.425477470589023;-34.638500915871752;SENILLOSA;SENILLOSA 1905 Y ZAÑARTU;ESTACION_AUTOMATICA.PNG;AUTOMATICA;ago-16;67;ESTACION AUTOMATICA: DISPONIBILIDAD LAS 24 HORAS;1905 SENILLOSA
-58.431535896984613;-34.619828537261192;GUAYAQUIL;GUAYAQUIL 213 Y DOBLAS;ESTACION_AUTOMATICA.PNG;AUTOMATICA;NUEVA! SEPTIEMBRE 2016;87;ESTACION AUTOMATICA: DISPONIBILIDAD LAS 24 HORAS;213 GUAYAQUIL
-58.427401411117579;-34.63525028070076;AVELINO DIAZ;AVELINO DIAZ 499 Y DOBLAS;ESTACION_AUTOMATICA.PNG;AUTOMATICA;NUEVA! SEPTIEMBRE 2016;97;ESTACION AUTOMATICA: DISPONIBILIDAD LAS 24 HORAS;499 DIAZ AVELINO
-58.422422403807197;-34.628817365819273;TREINTA Y TRES ORIENTALES;CONSTITUCION 4101 Y TREINTA Y TRES ORIENTALES;ESTACION_AUTOMATICA.PNG;AUTOMATICA;NUEVA! SEPTIEMBRE 2016;49;ESTACION AUTOMATICA: DISPONIBILIDAD LAS 24 HORAS;4101  CONSTITUCION
-58.401720369330718;-34.621356081357739;SAAVEDRA;SAAVEDRA 1027 ENTRE CARLOS CALVO Y HUMBERTO 1º;ESTACION_AUTOMATICA.PNG;AUTOMATICA;sep-16;86;ESTACION AUTOMATICA: DISPONIBILIDAD LAS 24 HORAS;1027 SAAVDREA
-58.393317450600534;-34.589149744113513;CEMENTERIO DE LA RECOLETA;VICENTE LOPEZ 2050 ENTRE JUNIN Y URIBURU;ESTACION_AUTOMATICA.PNG;AUTOMATICA;INAUGURADA 3/10/2016;166;ESTACION AUTOMATICA: DISPONIBILIDAD LAS 24 HORAS;2050 LOPEZ VICENTE
-58.363969079529681;-34.611720675269382;AZUCENA VILLAFLOR;AZUCENA VILLAFLOR Y PIERINA DEALESSI;ESTACION_AUTOMATICA.PNG;AUTOMATICA;dic-16;79;ESTACION AUTOMATICA: DISPONIBILIDAD LAS 24 HORAS;VILLAFLOR AZUCENA Y DEALESSI PIERINA
-58.363090509170938;-34.618082021172697;VERA PEÑALOZA;ROSARIO VERA PEÑALOZA Y OLGA COSSETTINI;ESTACION_AUTOMATICA.PNG;AUTOMATICA;dic-16;150;ESTACION AUTOMATICA: DISPONIBILIDAD LAS 24 HORAS;ROSARIO VERA PEÑALOZA Y OLGA COSSETINI
-58.40282667688323;-34.616812583167182;MEXICO;SAAVEDRA Y MEXICO;ESTACION_AUTOMATICA.PNG;AUTOMATICA;dic-16;118;ESTACION AUTOMATICA: DISPONIBILIDAD LAS 24 HORAS;MEXICO Y SAAVEDRA
-58.39589746590535;-34.615196200479204;RINCON;VENEZUELA 2091 Y RINCON;ESTACION_AUTOMATICA.PNG;AUTOMATICA;dic-16;106;ESTACION AUTOMATICA: DISPONIBILIDAD LAS 24 HORAS;2091 REPUBLICA BOLIVARIANA DE VENEZUELA
-58.405019149975715;-34.631724687728422;SALCEDO;SALCEDO 2908 Y DEAN FUNES;ESTACION_AUTOMATICA.PNG;AUTOMATICA;dic-16;92;ESTACION AUTOMATICA: DISPONIBILIDAD LAS 24 HORAS;2908 SALCEDO
-58.394830904347373;-34.61127030943252;SARANDI;SARANDI ENTRE ADOLFO ALSINA E HIPOLITO YRIGOYEN;ESTACION_AUTOMATICA.PNG;AUTOMATICA;dic-16;77;ESTACION AUTOMATICA: DISPONIBILIDAD LAS 24 HORAS;SARANDI E YRIGOYEN HIPOLITO AV
-58.398904702934161;-34.61212358561135;PLAZA PRIMERO DE MAYO;PICHINCHA ENTRE ADOLFO ALSINA Y MORENO;ESTACION_AUTOMATICA.PNG;AUTOMATICA;dic-16;75;ESTACION AUTOMATICA: DISPONIBILIDAD LAS 24 HORAS;PICHINCHA Y ALSINA ADOLFO
-58.409110475451662;-34.617549089493842;HOSPITAL RAMOS MEJIA;AGRELO ENTRE  GRAL. URQUIZA, Y GRAL. LA RIOJA;ESTACION_AUTOMATICA.PNG;AUTOMATICA;dic-16;120;ESTACION AUTOMATICA: DISPONIBILIDAD LAS 24 HORAS;URQUIZA GRAL Y AGRELO
-58.360905798482982;-34.611807912888786;AIME PAINE;AZUCENA VILLAFLOR 553 ENTRE CALABRIA Y AIME PAINE;ESTACION_AUTOMATICA.PNG;AUTOMATICA;dic-16;151;ESTACION AUTOMATICA: DISPONIBILIDAD LAS 24 HORAS;553 VILLAFLOR AZUCENA
-58.442901273852094;-34.599812573287842;ACEVEDO;ACEVEDO Y PADILLA;ESTACION_AUTOMATICA.PNG;AUTOMATICA;ene-17;136;ESTACION AUTOMATICA: DISPONIBILIDAD LAS 24 HORAS;ACEVEDO Y PADILLA
-58.442422704116424;-34.58904914633829;FITZ ROY;FITZ ROY 1092 Y LOYOLA;ESTACION_AUTOMATICA.PNG;AUTOMATICA;ene-17;101;ESTACION AUTOMATICA: DISPONIBILIDAD LAS 24 HORAS;1092 FITZ ROY
-58.356257414499289;-34.628780781509853;USINA DEL ARTE;CAFFARENA AGUSTIN Y DON PEDRO DE MENDOZA;ESTACION_AUTOMATICA.PNG;AUTOMATICA;ene-17;108;ESTACION AUTOMATICA: DISPONIBILIDAD LAS 24 HORAS;CAFFARENA AGUSTIN Y DON PEDRO DE MENDOZA
-58.4155158417582;-34.611875879019863;DON BOSCO;DON BOSCO Y VIRREY LINIERS;ESTACION_AUTOMATICA.PNG;AUTOMATICA;ene-17;134;ESTACION AUTOMATICA: DISPONIBILIDAD LAS 24 HORAS;DON BOSCO Y LINIERS VIRREY
-58.35913142905364;-34.617485823733858;JULIETA LANTERI;VERA PEÑALOSA ENTRE CALABRIA Y JULIETA LANTERI;ESTACION_AUTOMATICA.PNG;AUTOMATICA;ene-17;152;ESTACION AUTOMATICA: DISPONIBILIDAD LAS 24 HORAS;VERA PEÑALOZA ROSARIO Y LANTERI JULIETA
-58.419677863235137;-34.602057924094872;HUMAHUACA;HUMAHUACA 3918;ESTACION_AUTOMATICA.PNG;AUTOMATICA;ene-17;161;ESTACION AUTOMATICA: DISPONIBILIDAD LAS 24 HORAS;3918 HUMAHUACA
-58.38691266291422;-34.601616028016323;URUGUAY;TUCUMAN Y URUGUAY;ESTACION_AUTOMATICA.PNG;AUTOMATICA;feb-17;45;ESTACION AUTOMATICA: DISPONIBILIDAD LAS 24 HORAS;TUCUMAN Y URUGUAY
-58.380766311522933;-34.612389302897078;9 DE JULIO;9 DE JULIO Y MORENO;ESTACION_AUTOMATICA.PNG;AUTOMATICA;feb-17;112;ESTACION AUTOMATICA: DISPONIBILIDAD LAS 24 HORAS;9 DE JULIO AV Y MORENO
-58.397684271763303;-34.588371839120789;EMILIO MITRE;PLAZA EMILIO MITRE - LARREA Y PACHECO DE MELO;ESTACION_AUTOMATICA.PNG;AUTOMATICA;feb-17;119;ESTACION AUTOMATICA: DISPONIBILIDAD LAS 24 HORAS;LARREA Y PACHECO DE MELO JOSE
-58.368231968178257;-34.604128855183191;PLAZA HIPOLITO BOUCHARD;PLAZA HIPOLITO BOUCHARD - AV EDUARDO MADERO Y PERON JUAN;ESTACION_AUTOMATICA.PNG;AUTOMATICA;feb-17;128;ESTACION AUTOMATICA: DISPONIBILIDAD LAS 24 HORAS;MADERO EDUARDO AV Y PERON JUAN D
-58.373676082655493;-34.603120869763096;CORRIENTES;AV CORRIENTES Y SAN MARTIN;ESTACION_AUTOMATICA.PNG;AUTOMATICA;feb-17;132;ESTACION AUTOMATICA: DISPONIBILIDAD LAS 24 HORAS;CORRIENTES AV Y SAN MARTIN
-58.379764854665105;-34.596455762618127;MARCELO T. DE ALVEAR;MARCELO T DE ALVEAR Y SUIPACHA;ESTACION_AUTOMATICA.PNG;AUTOMATICA;feb-17;135;ESTACION AUTOMATICA: DISPONIBILIDAD LAS 24 HORAS;ALVEAR MARCELO T Y SUIPACHA
-58.381434885593293;-34.615363956590627;LIMA;LIMA Y MEXICO;ESTACION_AUTOMATICA.PNG;AUTOMATICA;feb-17;149;ESTACION AUTOMATICA: DISPONIBILIDAD LAS 24 HORAS;LIMA Y MEXICO
-58.412104719147628;-34.600224863786558;GALLO;GALLO Y TUCUMAN;ESTACION_AUTOMATICA.PNG;AUTOMATICA;feb-17;154;ESTACION AUTOMATICA: DISPONIBILIDAD LAS 24 HORAS;GALLO Y TUCUMAN
-58.366755289408388;-34.6180669522061;FACULTAD DE INGENIERIA;ESTADOS UNIDOS ENTRE AZOPARDO Y HUERGO AV;ESTACION_AUTOMATICA.PNG;AUTOMATICA;feb-17;164;ESTACION AUTOMATICA: DISPONIBILIDAD LAS 24 HORAS;ESTADOS UNIDOS Y AZOPARDO
-58.378106637225464;-34.60371877813963;ESMERALDA Y CORRIENTES;ESMERALDA Y AV CORRIENTES;ESTACION_AUTOMATICA.PNG;AUTOMATICA;feb-17;175;ESTACION AUTOMATICA: DISPONIBILIDAD LAS 24 HORAS;ESMERALDA Y CORRIENTES AV
-58.400962310906124;-34.633977626369685;15 DE NOVIEMBRE;15 DE NOVIEMBRE DE 1889 2687 ENTRE CATAMARCA Y JUJUY;ESTACION_AUTOMATICA.PNG;AUTOMATICA;mar-17;105;ESTACION AUTOMATICA: DISPONIBILIDAD LAS 24 HORAS;2687 15 DE NOVIEMBRE DE 1889
-58.421704605278322;-34.598222181564289;ACUÑA DE FIGUEROA;LAVALLE Y ACUÑA DE FIGUEROA;ESTACION_AUTOMATICA.PNG;AUTOMATICA;mar-17;54;ESTACION AUTOMATICA: DISPONIBILIDAD LAS 24 HORAS;LAVALLE Y ACUÑA DE FIGUEROA FRANCISCO
-58.436771151449832;-34.592706718923402;CASTILLO;CASTILLO 815 ENTRE THAMES Y SERRANO;ESTACION_AUTOMATICA.PNG;AUTOMATICA;mar-17;100;ESTACION AUTOMATICA: DISPONIBILIDAD LAS 24 HORAS;815 CASTILLO
-58.415459396243016;-34.601760602894636;GUARDIA VIEJA;GUARDIA VIEJA 3606 ENTRE BILLINGHURST Y MARIO BRAVO;ESTACION_AUTOMATICA.PNG;AUTOMATICA;mar-17;110;ESTACION AUTOMATICA: DISPONIBILIDAD LAS 24 HORAS;3606 GUARDIA VIEJA
-58.420407437122307;-34.591624459027585;COSTA RICA;COSTA RICA 4090 Y ACUÑA DE FIGUEROA;ESTACION_AUTOMATICA.PNG;AUTOMATICA;mar-17;122;ESTACION AUTOMATICA: DISPONIBILIDAD LAS 24 HORAS;4090 COSTA RICA
-58.429590682289927;-34.596693744777248;LERMA;LERMA 185 Y JULIAN ALVAREZ;ESTACION_AUTOMATICA.PNG;AUTOMATICA;mar-17;109;ESTACION AUTOMATICA: DISPONIBILIDAD LAS 24 HORAS;185 LERMA
-58.399368569690957;-34.58711720679419;GUTIERREZ;JUAN MARIA GUTIERREZ ENTRE AGUERO Y LAPRIDA;ESTACION_AUTOMATICA.PNG;AUTOMATICA;mar-17;90;ESTACION AUTOMATICA: DISPONIBILIDAD LAS 24 HORAS;GUTIERREZ JUAN MARIA Y AGUERO
-58.405790412466239;-34.601779712818626;PUEYRREDON;BOULOGNE SUR MER Y TUCUMAN;ESTACION_AUTOMATICA.PNG;AUTOMATICA;mar-17;144;ESTACION AUTOMATICA: DISPONIBILIDAD LAS 24 HORAS;BOULOGNE SUR MER Y TUCUMAN
-58.425204657649779;-34.585669444318206;GUATEMALA;GUATEMALA 4799 ENTRE J.L. BORGES Y GURRUCHAGA;ESTACION_AUTOMATICA.PNG;AUTOMATICA;mar-17;113;ESTACION AUTOMATICA: DISPONIBILIDAD LAS 24 HORAS;4799 GUATEMALA
-58.434954874725676;-34.600164664861133;VELASCO;VELASCO 285 ENTRE JULIAN ALVAREZ Y LAVALLEJA;ESTACION_AUTOMATICA.PNG;AUTOMATICA;mar-17;129;ESTACION AUTOMATICA: DISPONIBILIDAD LAS 24 HORAS;285 VELASCO RAMIREZ DE JUAN
-58.428781060593565;-34.61506434661996;HIPOLITO YRIGOYEN;HIPOLITO YRIGOYEN ENTRE MUÑIZ Y LA PLATA;ESTACION_AUTOMATICA.PNG;AUTOMATICA;mar-17;167;ESTACION AUTOMATICA: DISPONIBILIDAD LAS 24 HORAS;YRIGOYEN HIPOLITO AV Y LA PLATA AV
-58.421044153603816;-34.585424221549481;ARMENIA;ARMENIA 2393 Y CHARCAS;ESTACION_AUTOMATICA.PNG;AUTOMATICA;mar-17;123;ESTACION AUTOMATICA: DISPONIBILIDAD LAS 24 HORAS;2393 ARMENIA
-58.412313560298372;-34.581081606687128;UGARTECHE;UGARTECHE ENTRE CABELLO Y LAS HERAS;ESTACION_AUTOMATICA.PNG;AUTOMATICA;mar-17;124;ESTACION AUTOMATICA: DISPONIBILIDAD LAS 24 HORAS;UGARTECHE Y CABELLO
-58.413150468691505;-34.633308984809204;VIRREY LINIERS;SALCEDO 3401 Y VIRREY LINIERS;ESTACION_AUTOMATICA.PNG;AUTOMATICA;mar-17;139;ESTACION AUTOMATICA: DISPONIBILIDAD LAS 24 HORAS;3401 SALCEDO
-58.415775044145761;-34.635148035031023;LAS CASAS;LAS CASAS 3587 ENTRE AV. BOEDO Y ALZAGA;ESTACION_AUTOMATICA.PNG;AUTOMATICA;mar-17;140;ESTACION AUTOMATICA: DISPONIBILIDAD LAS 24 HORAS;3587 LAS CASAS
-58.360933146169877;-34.634072090731728;PINZON;PINZON 469 Y MARTIN RODRIGUEZ;ESTACION_AUTOMATICA.PNG;AUTOMATICA;mar-17;176;ESTACION AUTOMATICA: DISPONIBILIDAD LAS 24 HORAS;469 PINZON
-58.405312698930736;-34.5824723755753;CABELLO;CABELLO ENTRE CNEL DIAZ Y ORTIZ DE OCAMPO;ESTACION_AUTOMATICA.PNG;AUTOMATICA;mar-17;89;ESTACION AUTOMATICA: DISPONIBILIDAD LAS 24 HORAS;CABELLO Y DIAZ CNEL AV
-58.369430546477375;-34.63997121461631;MINISTERIO DE JUSTICIA Y SEGURIDAD;REGIMIENTO DE PATRICIOS Y ARAOZ DE LAMADRID;ESTACION_AUTOMATICA.PNG;AUTOMATICA;abr-17;126;ESTACION AUTOMATICA: DISPONIBILIDAD LAS 24 HORAS;REGIMIENTO DE PATRICIOS AV Y ARAOZ DE LAMADRID GREGORIO
-58.455062194509573;-34.58754836364119;FEDERICO LACROZE;AV CORRIENTES 6800 Y FEDERICO LACROZE;ESTACION_AUTOMATICA.PNG;AUTOMATICA;abr-17;104;ESTACION AUTOMATICA: DISPONIBILIDAD LAS 24 HORAS;6900 CORRIENTES AV
-58.371705908622801;-34.63081220936121;RUY DIAZ DE GUZMAN;RUY DIAZ DE GUZMAN Y AV. MARTIN GARCIA;ESTACION_AUTOMATICA.PNG;AUTOMATICA;abr-17;73;ESTACION AUTOMATICA: DISPONIBILIDAD LAS 24 HORAS;RUY DIAZ DE GUZMAN Y GARCIA MARTIN AV
-58.380912274696165;-34.608231785987975;RIVADAVIA Y 9 DE JULIO;RIVADAVIA Y CARLOS PELLEGRINI;ESTACION_AUTOMATICA.PNG;AUTOMATICA;abr-17;191;ESTACION AUTOMATICA: DISPONIBILIDAD LAS 24 HORAS;RIVADAVIA AV Y PELLEGRINI CARLOS
-58.374752508872881;-34.622059941973134;PLAZA CECILIA GRIERSON;AV SAN JUAN 632;ESTACION_AUTOMATICA.PNG;AUTOMATICA;abr-17;173;ESTACION AUTOMATICA: DISPONIBILIDAD LAS 24 HORAS;632 SAN JUAN AV
-58.4378366120078;-34.580469465389193;RAVIGNANI;RAVIGNANI 1883 Y COSTA RICA;ESTACION_AUTOMATICA.PNG;AUTOMATICA;abr-17;145;ESTACION AUTOMATICA: DISPONIBILIDAD LAS 24 HORAS;1883 RAVIGNANI EMILIO DR
-58.411913670783647;-34.592696613881621;BILLINGHURST Y MANSILLA;BILLINGHURST 1533 Y MANSILLA;ESTACION_AUTOMATICA.PNG;AUTOMATICA;abr-17;181;ESTACION AUTOMATICA: DISPONIBILIDAD LAS 24 HORAS;1853 BILLINGHURST
-58.445098655359651;-34.592839213799103;VILLARROEL;VILLARROEL Y HUMBOLDT;ESTACION_AUTOMATICA.PNG;AUTOMATICA;abr-17;158;ESTACION AUTOMATICA: DISPONIBILIDAD LAS 24 HORAS;VILLARROEL Y HUMBOLDT
-58.36208336032481;-34.630692805891833;JUAN MANUEL BLANES;JUAN MANUEL BLANES 383;ESTACION_AUTOMATICA.PNG;AUTOMATICA;abr-17;153;ESTACION AUTOMATICA: DISPONIBILIDAD LAS 24 HORAS;383 BLANES JUAN MANUEL
-58.388415093700083;-34.60300443628654;PARANA;LAVALLE ENTTRE MONTEVIDEO Y PARANA;ESTACION_AUTOMATICA.PNG;AUTOMATICA;abr-17;83;ESTACION AUTOMATICA: DISPONIBILIDAD LAS 24 HORAS;LAVALLE Y PARANA
-58.370984931913313;-34.625607180603218;BRASIL;BRASIL Y DEFENSA;ESTACION_AUTOMATICA.PNG;AUTOMATICA;abr-17;172;ESTACION AUTOMATICA: DISPONIBILIDAD LAS 24 HORAS;BRASIL AV Y DEFENSA
-58.407787551975339;-34.622194454298125;HOSPITAL FRANCES;HOSPITAL FRANCES: CARLOS CALVO Y LA RIOJA;ESTACION_AUTOMATICA.PNG;AUTOMATICA;abr-17;146;ESTACION AUTOMATICA: DISPONIBILIDAD LAS 24 HORAS;CALVO CARLOS Y LA RIOJA
-58.394769493400744;-34.62060134032108;CARLOS CALVO;CARLOS CALVO Y SARANDI;ESTACION_AUTOMATICA.PNG;AUTOMATICA;abr-17;93;ESTACION AUTOMATICA: DISPONIBILIDAD LAS 24 HORAS;CALVO CARLOS Y SARANDI
-58.362999658555687;-34.604969163174367;MACACHA GUEMES;MACACHA GUEMES Y JUANA MANSO;ESTACION_AUTOMATICA.PNG;AUTOMATICA;abr-17;111;ESTACION AUTOMATICA: DISPONIBILIDAD LAS 24 HORAS;GUEMES MACACHA Y MANSO JUANA
-58.403533150668629;-34.577414620685857;MALBA;AV FIGUEROA ALCORTA Y SAN MARTIN DE TOURS;ESTACION_AUTOMATICA.PNG;AUTOMATICA;abr-17;103;ESTACION AUTOMATICA: DISPONIBILIDAD LAS 24 HORAS;FIGUEROA ALCORTA, PRES. AV. Y SAN MARTIN DE TOURS
-58.420210254692847;-34.57296236756175;GODOY CRUZ Y LIBERTADOR;GODOY CRUZ 3291 ENTRE AV DEL LIBERTADOR Y SEGUI;ESTACION_AUTOMATICA.PNG;AUTOMATICA;abr-17;160;ESTACION AUTOMATICA: DISPONIBILIDAD LAS 24 HORAS;3291 GODOY CRUZ
-58.43523360815378;-34.578190951278799;RAVIGNANI Y GUATEMALA;RAVIGNANI 2171 Y GUATEMALA;ESTACION_AUTOMATICA.PNG;AUTOMATICA;may-17;182;ESTACION AUTOMATICA: DISPONIBILIDAD LAS 24 HORAS;2171 RAVIGNANI
-58.387766665448403;-34.634948959411801;HOSPITAL BRITANICO;PERDRIEL Y FINOCHIETTO ENRIQUE;ESTACION_AUTOMATICA.PNG;AUTOMATICA;may-17;138;ESTACION AUTOMATICA: DISPONIBILIDAD LAS 24 HORAS;PERDRIEL Y FINOCHIETTO ENRIQUE DR.
-58.374285096617328;-34.591940862666128;RETIRO II;PLAZA FUERZA AEREA: AV. DR. J. RAMOS MEJIA Y AV DEL LIBERTADOR;ESTACION_AUTOMATICA.PNG;AUTOMATICA;may-17;130;ESTACION AUTOMATICA: DISPONIBILIDAD LAS 24 HORAS;DEL LIBERTADOR AV Y RAMOS MEJIA DR AV
-58.374210028319148;-34.591846492840453;RETIRO III;PLAZA FUERZA AEREA: AV. DR. J. RAMOS MEJIA Y AV DEL LIBERTADOR;ESTACION_AUTOMATICA.PNG;AUTOMATICA;may-17;131;ESTACION AUTOMATICA: DISPONIBILIDAD LAS 24 HORAS;DEL LIBERTADOR AV Y RAMOS MEJIA DR AV
-58.395944359526922;-34.630437687184951;HOSPITAL GARRAHAN;HOSPITAL GARRAHAN: AV BRASIL Y PICHINCHA;ESTACION_AUTOMATICA.PNG;AUTOMATICA;may-17;107;ESTACION AUTOMATICA: DISPONIBILIDAD LAS 24 HORAS;BRASIL AV Y PICHINCHA AV
-58.43438250822151;-34.581039917576042;NICARAGUA;NICARAGUA 5690 ENTRE BONPLAND Y FITZ ROY;ESTACION_AUTOMATICA.PNG;AUTOMATICA;may-17;133;ESTACION AUTOMATICA: DISPONIBILIDAD LAS 24 HORAS;5690 NICARAGUA
-58.415758703809693;-34.604635232518127;BILLINGHURST Y VALENTIN GOMEZ;BILLINGHURST 455 Y VALENTIN GOMEZ;ESTACION_AUTOMATICA.PNG;AUTOMATICA;may-17;143;ESTACION AUTOMATICA: DISPONIBILIDAD LAS 24 HORAS;455 BILLINGHURST
-58.367470006978053;-34.615926396668854;AZOPARDO Y CHILE;AZOPARDO 700 Y CHILE;ESTACION_AUTOMATICA.PNG;AUTOMATICA;may-17;137;ESTACION AUTOMATICA: DISPONIBILIDAD LAS 24 HORAS;AZOPARDO Y CHILE
-58.428217167339248;-34.583480107248732;ORO;FRAY JUSTO SANTAMARIA DE ORO Y GUATEMALA;ESTACION_AUTOMATICA.PNG;AUTOMATICA;may-17;125;ESTACION AUTOMATICA: DISPONIBILIDAD LAS 24 HORAS;FRAY JUSTO SANTAMARIA DE ORO Y GUATEMALA
-58.374218007911907;-34.619940439559457;HUMBERTO PRIMO;PERU 1016 ENTRE HUMBERTO PRIMO Y CARLOS CALVO;ESTACION_AUTOMATICA.PNG;AUTOMATICA;may-17;117;ESTACION AUTOMATICA: DISPONIBILIDAD LAS 24 HORAS;1016 PERU
-58.40259838421953;-34.592104240900895;HOSPITAL ALEMAN;BERUTI Y ECUADOR;ESTACION_AUTOMATICA.PNG;AUTOMATICA;may-17;116;ESTACION AUTOMATICA: DISPONIBILIDAD LAS 24 HORAS;BERUTI Y ECUADOR
-58.390410553701393;-34.611837952645175;SOLIS Y ALSINA;SOLIS 225 Y ADOLFO ALSINA;ESTACION_AUTOMATICA.PNG;AUTOMATICA;may-17;141;ESTACION AUTOMATICA: DISPONIBILIDAD LAS 24 HORAS;225 SOLIS
-58.452926826149607;-34.592212477511566;SANTOS DUMONT Y OTERO;SANTOS DUMONT 4380 Y OTERO;ESTACION_AUTOMATICA.PNG;AUTOMATICA;may-17;127;ESTACION AUTOMATICA: DISPONIBILIDAD LAS 24 HORAS;4380 DUMONT SANTOS
-58.428888195689588;-34.590554215666046;ARMENIA Y GORRITI;ARMENIA 1525 ENTRE GORRITI Y HONDURAS;ESTACION_AUTOMATICA.PNG;AUTOMATICA;may-17;142;ESTACION AUTOMATICA: DISPONIBILIDAD LAS 24 HORAS;1525 ARMENIA
-58.37910486128024;-34.627455406115587;CONSTITUCION I;AV BRASIL 1050 Y LIMA;ESTACION_AUTOMATICA.PNG;AUTOMATICA;may-17;147;ESTACION AUTOMATICA: DISPONIBILIDAD LAS 24 HORAS;1050 BRASIL AV
-58.379231885257802;-34.627494076458305;CONSTITUCION II;AV BRASIL 1060 Y LIMA;ESTACION_AUTOMATICA.PNG;AUTOMATICA;may-17;148;ESTACION AUTOMATICA: DISPONIBILIDAD LAS 24 HORAS;1060 BRASIL AV
-58.412559298141083;-34.641727910511285;PARQUE JOSE EVARISTO URIBURU;PQUE. JOSE E. URIBURU - ALMAFUERTE 300;ESTACION_AUTOMATICA.PNG;AUTOMATICA;jun-17;155;ESTACION AUTOMATICA: DISPONIBILIDAD LAS 24 HORAS;300 ALMAFUERTE AV.
-58.406616799181087;-34.609355486334692;ONCE II;BARTOLOME MITRE Y AV PUEYRREDON;ESTACION_AUTOMATICA.PNG;AUTOMATICA;jun-17;163;ESTACION AUTOMATICA: DISPONIBILIDAD LAS 24 HORAS;MITRE BARTOLOME Y PUEYRREDON AV
-58.427952183187443;-34.628309212713773;SENILLOSA Y ZUVIRIA;SENILLOSA 989 Y ZUVIRIA;ESTACION_AUTOMATICA.PNG;AUTOMATICA;jun-17;157;ESTACION AUTOMATICA: DISPONIBILIDAD LAS 24 HORAS;989 SENILLOSA
-58.43739683340209;-34.58503639373545;GORRITI;FITZ ROY 1590 Y GORRITI;ESTACION_AUTOMATICA.PNG;AUTOMATICA;jun-17;159;ESTACION AUTOMATICA: DISPONIBILIDAD LAS 24 HORAS;1590 FITZ ROY
-58.401945169855814;-34.609239096778353;LARREA Y BARTOLOME MITRE;LARREA ENTRE BARTOLOME MITRE Y AV RIVADAVIA;ESTACION_AUTOMATICA.PNG;AUTOMATICA;jun-17;162;ESTACION AUTOMATICA: DISPONIBILIDAD LAS 24 HORAS;LARREA Y MITRE BARTOLOME
-58.405966223158757;-34.599732704138212;SAN LUIS Y ECUADOR;SAN LUIS 2862 ENTRE ECUADOR Y BOULOGNE SUR MER;ESTACION_AUTOMATICA.PNG;AUTOMATICA;jun-17;170;ESTACION AUTOMATICA: DISPONIBILIDAD LAS 24 HORAS;2862 SAN LUIS
-58.407851663360042;-34.597763577063262;PLAZA MONSEÑOR MIGUEL DE ANDREA;PLAZA MONSEÑOR MIGUEL DE ANDREA (ANCHORENA 900);ESTACION_AUTOMATICA.PNG;AUTOMATICA;jun-17;165;ESTACION AUTOMATICA: DISPONIBILIDAD LAS 24 HORAS;901 ANCHORENA TOMAS MANUEL
-58.381282608213887;-34.61861995681673;ESTADOS UNIDOS;ESTADOS UNIDOS Y LIMA;ESTACION_AUTOMATICA.PNG;AUTOMATICA;jun-17;168;ESTACION AUTOMATICA: DISPONIBILIDAD LAS 24 HORAS;ESTADOS UNIDOS Y LIMA
-58.399526865532486;-34.603242952572593;PASTEUR;PASTEUR 501 ENTRE TUCUMAN Y LAVALLE;ESTACION_AUTOMATICA.PNG;AUTOMATICA;jun-17;171;ESTACION AUTOMATICA: DISPONIBILIDAD LAS 24 HORAS;501 PASTEUR
-58.407965559468003;-34.577849108765662;PLAZA ALEMANIA;PLAZA ALEMANIA: DEL LIBERTADOR AV Y CAVIA;ESTACION_AUTOMATICA.PNG;AUTOMATICA;jun-17;156;ESTACION AUTOMATICA: DISPONIBILIDAD LAS 24 HORAS;DEL LIBERTADOR AV Y CAVIA
-58.411924763960371;-34.6120200280467;FACULTAD DE PSICOLOGIA;HIPOLITO YRIGOYEN Y 24 DE NOVIEMBRE;ESTACION_AUTOMATICA.PNG;AUTOMATICA;jul-17;169;ESTACION AUTOMATICA: DISPONIBILIDAD LAS 24 HORAS;YRIGOYEN HIPOLITO Y 24 DE NOVIEMBRE
-58.391548775098677;-34.597261472489798;MINISTERIO DE EDUCACION;MARCELO T DE ALVEAR 1698 Y RODRIGUEZ PEÑA;ESTACION_AUTOMATICA.PNG;AUTOMATICA;jul-17;174;ESTACION AUTOMATICA: DISPONIBILIDAD LAS 24 HORAS;1698 ALVEAR MARCELO T DE
-58.412158544546728;-34.568073891386383;PLANETARIO;AV. ROLDAN, BELISARIO Y AV. SARMIENTO;ESTACION_AUTOMATICA.PNG;AUTOMATICA;jul-17;177;ESTACION AUTOMATICA: DISPONIBILIDAD LAS 24 HORAS;ROLDAN BELISARIO AV Y SARMIENTO AV
-58.42486660380937;-34.623457406189338;JOSE MARMOL;JOSE MARMOL 803 Y ESTADOS UNIDOS;ESTACION_AUTOMATICA.PNG;AUTOMATICA;jul-17;178;ESTACION AUTOMATICA: DISPONIBILIDAD LAS 24 HORAS;803 MARMOL JOSE
-58.42047096263039;-34.619802649015007;CASTRO Y MEXICO;CASTRO 680 ENTRE MEXICO Y AGRELO;ESTACION_AUTOMATICA.PNG;AUTOMATICA;jul-17;180;ESTACION AUTOMATICA: DISPONIBILIDAD LAS 24 HORAS;680 CASTRO
-58.389691907404696;-34.615637634194186;VIRREY CEVALLOS;MEXICO 1652 ENTRE VIRREY CEVALLOS Y SOLIS;ESTACION_AUTOMATICA.PNG;AUTOMATICA;jul-17;183;ESTACION AUTOMATICA: DISPONIBILIDAD LAS 24 HORAS;1652 MEXICO
-58.421782575094312;-34.631369971819453;AV PAVON Y 33 ORIENTALES;33 ORIENTALES 1439, ENTRE AV. PAVON Y AV. GARAY;ESTACION_AUTOMATICA.PNG;AUTOMATICA;jul-17;185;ESTACION AUTOMATICA: DISPONIBILIDAD LAS 24 HORAS;1439 TREINTA Y TRES ORIENTALES
-58.407142529845487;-34.612551285682869;CATAMARCA;ADOLFO ALSINA 2910 Y CATAMARCA;ESTACION_AUTOMATICA.PNG;AUTOMATICA;jul-17;186;ESTACION AUTOMATICA: DISPONIBILIDAD LAS 24 HORAS;2910 ALSINA ADOLFO
-58.38561510328617;-34.597798804635822;TALCAHUANO;TALCAHUANO 1034 Y MARCELO T DE ALVEAR;ESTACION_AUTOMATICA.PNG;AUTOMATICA;jul-17;192;ESTACION AUTOMATICA: DISPONIBILIDAD LAS 24 HORAS;1034 TALCAHUANO
-58.40597385351213;-34.591110880844745;ARENALES Y AGUERO;ARENALES 2882 Y AGUERO;ESTACION_AUTOMATICA.PNG;AUTOMATICA;jul-17;193;ESTACION AUTOMATICA: DISPONIBILIDAD LAS 24 HORAS;2882 ARENALES
-58.422572042117523;-34.605952483313381;PERON Y FRANCISCO ACUÑA DE FIGUEROA;PERON, JUAN DOMINGO TTE 3989 ENTRE FRANCISCO ACUÑA DE FIGUEROA Y MEDRANO;ESTACION_AUTOMATICA.PNG;AUTOMATICA;jul-17;194;ESTACION AUTOMATICA: DISPONIBILIDAD LAS 24 HORAS;3989 PERON JUAN DOMINGO TTE
-58.433506016026953;-34.610796276933669;ARANGUREN;ARANGUREN 188 ENTRE PORTUGAL Y EDUARDO ACEVEDO;ESTACION_AUTOMATICA.PNG;AUTOMATICA;ago-17;188;ESTACION AUTOMATICA: DISPONIBILIDAD LAS 24 HORAS;188 ARANGUREN JUAN F DR
-58.391318632494574;-34.630678908608012;PEDRO ECHAGUE;PEDRO ECHAGUE 1878 ENTRE COMBATE DE LOS POZOS Y AV ENTRE RIOS;ESTACION_AUTOMATICA.PNG;AUTOMATICA;ago-17;184;ESTACION AUTOMATICA: DISPONIBILIDAD LAS 24 HORAS;1878 ECHAGUE PEDRO
-58.385586020481099;-34.588474694640745;POSADAS;POSADAS 1350 ENTRE MONTEVIDEO Y RODRIGUEZ PEÑA;ESTACION_AUTOMATICA.PNG;AUTOMATICA;ago-17;189;ESTACION AUTOMATICA: DISPONIBILIDAD LAS 24 HORAS;1350 POSADAS
-58.431791182618312;-34.617666753946246;PARQUE RIVADAVIA;CHACO 250;ESTACION_AUTOMATICA.PNG;AUTOMATICA;ago-17;187;ESTACION AUTOMATICA: DISPONIBILIDAD LAS 24 HORAS;250 CHACO
-58.387453831513604;-34.627049137072717;PLAZA GARAY;AV JUAN DE GARAY Y LUIS SAENZ PEÑA;ESTACION_AUTOMATICA.PNG;AUTOMATICA;ago-17;195;ESTACION AUTOMATICA: DISPONIBILIDAD LAS 24 HORAS;GARAY JUAN DE AV Y SAENZ PEÑA LUIS PRES
-58.411227422339543;-34.585077755699494;JUNCAL;JUNCAL 3320 Y JERONIMO SALGUERO;ESTACION_AUTOMATICA.PNG;AUTOMATICA;ago-17;190;ESTACION AUTOMATICA: DISPONIBILIDAD LAS 24 HORAS;3320 JUNCAL
-58.423480858497392;-34.613596262550857;QUINTINO BOCAYUVA;QUINTINO BOCAYUVA Y DON BOSCO;ESTACION_AUTOMATICA.PNG;AUTOMATICA;ago-17;197;ESTACION AUTOMATICA: DISPONIBILIDAD LAS 24 HORAS;BOCAYUVA QUINTINO Y DON BOSCO
-58.415881554842905;-34.62243894380331;ESTADOS UNIDOS Y BOEDO;ESTADOS UNIDOS 3568 ENTRE BOEDO Y MAZA;ESTACION_AUTOMATICA.PNG;AUTOMATICA;ago-17;199;ESTACION AUTOMATICA: DISPONIBILIDAD LAS 24 HORAS;3568 ESTADOS UNIDOS
-58.40413806434006;-34.634380008770734;HOSPITAL SARDA;CATULO CASTILLO 2896 Y DEAN FUNES;ESTACION_AUTOMATICA.PNG;AUTOMATICA;ago-17;198;ESTACION AUTOMATICA: DISPONIBILIDAD LAS 24 HORAS;2896 CASTILLO CATULO
-58.366019048823837;-34.627776343153691;HOSPITAL ARGERICH;PI Y MARGALL 750 ENTRE NECOCHEA Y ALTE. BROWN;ESTACION_AUTOMATICA.PNG;AUTOMATICA;ago-17;196;ESTACION AUTOMATICA: DISPONIBILIDAD LAS 24 HORAS;750 PI Y MARGALL
-58.387652923008851;-34.608991591755817;CONGRESO II;AV RIVADAVIA Y PARANA;ESTACION_AUTOMATICA.PNG;AUTOMATICA;ago-17;39;ESTACION AUTOMATICA: DISPONIBILIDAD LAS 24 HORAS;RIVADAVIA AV Y PARANA
-58.445986749829501;-34.586439891883934;ROSETI;ROSETI 50 Y AV DORREGO;ESTACION_AUTOMATICA.PNG;AUTOMATICA;sep-17;102;ESTACION AUTOMATICA: DISPONIBILIDAD LAS 24 HORAS;50 ROSETI
-58.404361082670057;-34.588191458095594;AUSTRIA Y FRENCH;AUSTRIA 2080 ENTRE FRENCH Y JUNCAL;ESTACION_AUTOMATICA.PNG;AUTOMATICA;sep-17;200;ESTACION AUTOMATICA: DISPONIBILIDAD LAS 24 HORAS;2080  AUSTRIA
-58.360399306334941;-34.639114073312314;LA BOCA;DON PEDRO DE MENDOZA 1819;ESTACION_AUTOMATICA.PNG;AUTOMATICA;INAUGURACION 05/12/2017;179;ESTACION AUTOMATICA: DISPONIBILIDAD LAS 24 HORAS;DON PEDRO DE MENDOZA AV 1819
